Job Title,Company Name,Job Location,Salary,Applying Method,Job Type,Job link
Data & CRM Analyst,Red Wireless,Pakistan,"Rs 185,000 - Rs 195,000 a month",Easily apply,,https://pk.indeed.com/rc/clk?jk=9954eeb5788cb84d&from=hp&tk=1j65aip8mh85v896&bb=sHRj29JGK7zI_l0oh7x_JTeQoFrfLWM2-I7jdnsL6PxmiOunOq3H2iIPRwNaqErQwlATfoN48ErZNndjRzBCE9GTR3kOdgvl6amzl4XXa1Z-mG_2JlqKvuovX_DOdK3uwinrzUXpXN4izBBAuqXnpw%3D%3D&xkcb=SoA367M3sFdE7dAfST0AbzkdCdPP
Data & BI Analyst,creationsmotorsport,Pakistan,"Rs 50,000 - Rs 70,000 a month",Easily apply,,https://pk.indeed.com/rc/clk?jk=ceb66d0ad75b4d07&from=hp&tk=1j65aip8mh85v896&bb=sHRj29JGK7zI_l0oh7x_JTYFYVSOcXE6oOAg29FwYcHpU9-5uDulIWG0coydcXo5L01o1nEl6qcr3EhX1O3wsBGTNF8X7QTLeM97Q7z15jbkWvRC2b4rKmXoMi5kpXRD86lnmzw2JfOsPUp8hhsZzg%3D%3D&xkcb=SoAk67M3sFdE7dAfST0EbzkdCdPP
Supply Chain Data Analyst (Demand Planning and Forecasting),Cakes and Bakes,Lahore,"Rs 50,000 - Rs 70,000 a month",Easily apply,,https://pk.indeed.com/rc/clk?jk=d185f4775c7e579a&from=hp&tk=1j65aip8mh85v896&bb=sHRj29JGK7zI_l0oh7x_JRMdjxNDdrcrWOykFhWorMmrUCw7JMbXgHL7bbs0TicZm0xufPA17Gbw-LHxR5oX7ShI_MTrCXBZIG0utg4rzHOVOTPf4e2MKHY7pPh1sKQ7raV_1NELivAw_Yu7xFxPpQ%3D%3D&xkcb=SoCe67M3sFdE7dAfST0YbzkdCdPP
Business Analyst,Technocares,Lahore Model Town,"Rs 50,000 - Rs 150,000 a month",Easily apply,,https://pk.indeed.com/rc/clk?jk=8a3522a0646110a5&from=hp&tk=1j65aip8mh85v896&bb=sHRj29JGK7zI_l0oh7x_JfC9LCc2cSDwMPLUkJ2ZoUX7MKQxBdcomkeRnGJK0xH9UoSxtw4NFgewwzOFSX9XPmrXkprHq70pVsiKCFRjhGRlEhy9mqFEGREGZV6feLJdhFZ8GawjLFHp5QKGbSbXZA%3D%3D&xkcb=SoCI67M3sFdE7dgfST0LbzkdCdPP
Credentialing Specialist & Data Analyst ( Remote ),Obizworks-Offshore Business Consultants,Pakistan,"Rs 100,000 - Rs 150,000 a month",Easily apply,,https://pk.indeed.com/rc/clk?jk=9f546679baa621df&from=hp&tk=1j65aip8mh85v896&bb=sHRj29JGK7zI_l0oh7x_JbuqbuOTLyT2apV-8gDzs3YGD58l2CEKglMFgdzhjwWhW8IZDuGdDYsilqYgM8QRkDkMW4ODVZPYRIPlmktTiYMfTH7-BOk0CP7RGlJTXFw5K0DWNaIW_285JKJPHFjY8A%3D%3D&xkcb=SoCb67M3sFdE7dgfST0PbzkdCdPP
Data Analyst,The Migration,Lahore,"Rs 80,000 - Rs 100,000 a month",Easily apply,,https://pk.indeed.com/rc/clk?jk=13260d109aa6a0f6&from=hp&tk=1j65aip8mh85v896&bb=sHRj29JGK7zI_l0oh7x_JbiGQMAfK2ScFYF1Uj-TJB1nqhoDaSlg0JD8pGWNVVOUvW6vbJJITFItS8RHdXOcb0ga0n60iKaFQ8qttuFCgMWiCc63Dz7rIF744ERU1yvqdbf55YVRmf1YRfHDsnSt9A%3D%3D&xkcb=SoDv67M3sFdE7dgfST0DbzkdCdPP
Customer Service Data Analyst,GT Ecom B.V.,Pakistan,"From Rs 1,580 an hour",Easily apply,,https://pk.indeed.com/rc/clk?jk=c12b7c4f2f604c9b&from=hp&tk=1j65aip8mh85v896&bb=sHRj29JGK7zI_l0oh7x_JaMzQutgbQWT2rbanBVqnADFYYFsYgLwvRJwoc1ksvuXTxvRY_aQzv_7WTxdiMd0UcJRjuW4eUY0i3WQt9psgZV5zNatio9iAjSgGB0iAgc7_j5GIeFN38h2jbTfX4w1hw%3D%3D&xkcb=SoD867M3sFdE7dgfST0HbzkdCdPP
Data Analyst Specialist,LUX DECOR COLLECTION,Pakistan,"Rs 100,000 - Rs 180,000 a month",Easily apply,,https://pk.indeed.com/rc/clk?jk=259b24775c62e116&from=hp&tk=1j65aip8mh85v896&bb=sHRj29JGK7zI_l0oh7x_JTXtcXRV-wzxX0tUvDxtdJwqPFbPBL9B5f5Dkp08C7JTJIHcQQ4MdXRf5sxIfSzwBtLgfTuWDOlN4ZdBwbppAOhN5bi3syquXNJ-yydbDefx2F-ja_UP0yZxU6dJIJN7Gg%3D%3D&xkcb=SoBG67M3sFdE7dgfST0bbzkdCdPP
Data Conversion Specialist (MS Excel Expert),RepairDesk,Lahore,"Up to Rs 120,000 a month",Easily apply,,https://pk.indeed.com/rc/clk?jk=398489ce65794d8d&from=hp&tk=1j65aip8mh85v896&bb=sHRj29JGK7zI_l0oh7x_JRvynpJElL82NBCkRSf6qafEcQHIvDCv1mbrtcRpThKDV0vFweV5UU_CtEKM05hQpCOz6Gd-rDnrQ10qx_f0VPtQYV66p9qhtokQqJ0rBxkZn7Y6k3Uhb5PYPP2eadmESg%3D%3D&xkcb=SoBV67M3sFdE7dgfST0fbzkdCdPP
Power BI & Data Engineering Specialist,Technisoft,Lahore,"Rs 85,000 - Rs 110,000 a month",Easily apply,,https://pk.indeed.com/rc/clk?jk=362bc72dc226a315&from=hp&tk=1j65aip8mh85v896&bb=sHRj29JGK7zI_l0oh7x_JezwJgCNqFHaY_Kqa1owJJSyYQrzmaVuwAljMrFai3JyhybUQ7GUDI2SxlRXsRlwE0umNEy9HgAk1LaV987beHPzWTyJvQ752yCJxebgIhqFR4iPP16ouPLryQJz-klNjw%3D%3D&xkcb=SoAh67M3sFdE7dgfST0TbzkdCdPP
Research Analyst,LRP,Lahore,Full-time,Easily apply,,https://pk.indeed.com/rc/clk?jk=7c1b936246b83a04&from=hp&tk=1j65aj0cfhbvm801&bb=FEZ2JP3MrXjYaUUbLkMWWUpQxDOV8IKaqqndQNdtVawEXH6hhb7ngUsiN6USUMFPdtJo8nL81QhzNBjmlJdJ9O08EQhF0JoYfwhJOMYPjAzSwl06fzF-4qB-Y729RctqpVcg0L0AVw8%3D&xkcb=SoDu67M3sFdDwPTC850BbzkdCdPP
Data Analyst,Digilatics,Lahore,"Rs 120,000 - Rs 250,000 a month",Easily apply,Full-time,https://pk.indeed.com/rc/clk?jk=073541c5fde89991&from=hp&tk=1j65aj0cfhbvm801&bb=FEZ2JP3MrXgcAIyPQoyZ7BB1JSOw9FoWItzKHKH3pSsRyPUU6fsIXSF5HqYL4HWdZ7Gn_yJ5KbdyvsUlAM6yYJ7T6fohbLGNtgTijaN_s6MGcyFH6WbFLpZ5XIfC5EgDnlQpvrTVBrg%3D&xkcb=SoD967M3sFdDwPTC850FbzkdCdPP
Power BI Database Developer (Remote),Architecture in Motion Inc.,Lahore,Full-time,Easily apply,,https://pk.indeed.com/rc/clk?jk=0aeaa9960dbe1c01&from=hp&tk=1j65aj0cfhbvm801&bb=FEZ2JP3MrXgvN0K4Kya_oaf4-es7XtTIA55bp2qV4zNt_zRo92gYHeIWcZSdX6hb6XRnosxXwtsYJSj1p3ymgu3L-laHXI9hKP8WFCyw7iKXG7MdqYcShGz1rSYcibwkkQ5Hx4CSxY0%3D&xkcb=SoBH67M3sFdDwPTC850ZbzkdCdPP
Data Analyst (Looker Expert) Remote,Hiring Bees,Pakistan,,Easily apply,,https://pk.indeed.com/rc/clk?jk=2434ce347198c4af&from=hp&tk=1j65aj0cfhbvm801&bb=FEZ2JP3MrXiLqvo66O6DdTrOYq_a0VMzB-k6I8EM-XdDH4mZYmxyI5kj6vZl28pguw35I5zcP8YYlxQd6SGduRaRrtM8JC56IsULv1Zw0BtSZCHps0GXNJdrHVyjy-gVwWkP2UgKzqw%3D&xkcb=SoBU67M3sFdDwPTC850dbzkdCdPP
Data Analyst,Remote office solutions (SMC-Private) limited,Lahore,"Rs 100,000 - Rs 120,000 a month",Easily apply,,https://pk.indeed.com/rc/clk?jk=2d0f33e834adbbb2&from=hp&tk=1j65aj0cfhbvm801&bb=FEZ2JP3MrXgvN0K4Kya_oe5ewxMkM1UoBpih9KGOkiBt4VgGN3frweJIMi57Ov7SDZk_boycRemL6X6wUPjr05UguKTjWexpr4KWVwxk6cYHkSdBtYuDXz7-W3aZdBHS82VY6mmwj5k%3D&xkcb=SoAg67M3sFdDwPTC850RbzkdCdPP
Sr BI/Data Analyst,Cube discipline,Lahore,Full-time,Easily apply,,https://pk.indeed.com/rc/clk?jk=45ed4fd85615d35f&from=hp&tk=1j65aj0cfhbvm801&bb=FEZ2JP3MrXj3g9bHIRhrz-SkfdNeNS6vDv9hQi8OhFCegkow-XZrd4ptZvHfRYETY65HxKDzuwAtZDwPXmv1W939fCh9Ybdo5SN2Fb8fcveBKzIMC9s4vg2its4kKz_7laRd5_i-RIw%3D&xkcb=SoAz67M3sFdDwPTC850VbzkdCdPP
Market Research Analyst,Connect Communications,Pakistan,Full-time,Easily apply,,https://pk.indeed.com/rc/clk?jk=e2eac3d4e438903e&from=hp&tk=1j65aj0cfhbvm801&bb=FEZ2JP3MrXi7_0_m1CjjyEIWtG9BwbxvEZ8bvKdRlzPLWR7-ARbpNcTA0Wf4bLNyHbOvTIrBt0wHdwd-6vaVrOro-K7IVRqGHu3gSZi6gJ-wUZ4ugsBAiamxkbq1IdZsSATRxVUW6YU%3D&xkcb=SoAV67M3sFdDwPTC850pbzkdCdPP
Senior Business Analyst - QA Experience - US/UK based Project (Remote),Data ConneXion Pvt Ltd,Pakistan,"From Rs 150,000 a month",Easily apply,Full-time,https://pk.indeed.com/pagead/clk?mo=r&ad=-6NYlbfkN0C-TuwrYDKdMT4QxhXU-tpQ08ydf8cUEp0tvnmBoUIL50QhM9TmrWQGp0roLOey1ZOvYufwQuhBiIcM7RRWtX2TQcxTGZ0GbXY8TkCjR0k5xXlufk0wBHC9o0jjVb4HHK66RSm0I4qEeNcSlwCsCb8VQSuREXQDPFbp4rW3rOhyiUkDD9HKQmEoWOSI9FxELz8dQc2qE-gXPh3Wf7KpsxnmBJTwWOiTMZsbYU894WmXmQ_hu584ZO0RDFV2dPKlAy1rgfGLmFT5E73O9fSZuRmT3fDgJbqJIgpyHSozXYweYo3tVkD1_OoaWGl8wvJaYhNZKikntdP6i6g0ht9tzGdYwPid573Kj3sanTRsrZLIv44hUk_QPLMVOjgPuQgm8091t2Ohr-U7UNxSt1t2JFWUusDjOhBmw6-c1Ms7yWrwrLyRsd7drUeH-XVhhK0o8NTa4T7SxMTB_J6sWwRS-dpUnX2OHhXK_yX1hndqOgbWEaRxyn_Z3_hZrN3GR_vKoL00fwRpcJnghjxmL5ZVjdTA-ethpS2rjnJjkm5_G86Cz_N26JAoPQ_wQZ59XPbNsXX1KjHtfV5o0oAwHsnRw2V1GC0XsobjCjD_nAoquplVnByNGLVLf8-7-tH1UomCScQT8p9Ga09vNrcwUOuXn1uGaR8HnBbpZQaMbo41Ukkdbqte-Pdkz_xyEBHnuHGdY8SO43Q_4hURgks10za1SmQexlQ8JcQjYoEqR4TaBYgjxLUCdeEjRlzt_dZfakfUa08K29TJuwMzVt07bF7UPdMTTLty5LTGpgmDl-1IaMJsjOXFo0sa0bK6&xkcb=SoCl6_M3sFdDwPzC850KbzkdCdPP&camk=UoKtGZLa3XKGC-9eSvvEiA%3D%3D&from=hp&tk=1j65aj0cfhbvm801&jsa=8621&vjs=3
Account Payable Specialist | UK Market - Remote,Team Zeta (Hiring Agency),Pakistan,"Rs 140,000 - Rs 170,000 a month",Easily apply,,https://pk.indeed.com/rc/clk?jk=7388be00fa559d74&from=hp&tk=1j65aj0cfhbvm801&bb=FEZ2JP3MrXhSitlV11t4fB-IMFZ-M52TQgVzB2Xeh7kLkpK0JLdx7QXU2E2uz_UDK1OmKZ-7zJniuxKZP7y8vvRzKii5mxV0gvFRwTVb2Z_jbvgvdmWc_aFJx2HnZnkxd-HjWyZp5yQ%3D&xkcb=SoBC67M3sFdDwPzC850ObzkdCdPP
SDE III - Data Analyst,Mentruiter,Pakistan,,Easily apply,,https://pk.indeed.com/rc/clk?jk=08f67914066cce90&from=hp&tk=1j65aj0cfhbvm801&bb=FEZ2JP3MrXjIkBMYIjawL9x9xsD73CHmJQYwoGcYprtRv4Yqk3M8Y_0hTjte-EEaP5m9_d9YpCryS1_M98J9zTw5GXsO_Y-KOrdp_Bbmd_1eEGARJOaTvW51laCeh9EdivpgRn18-Hs%3D&xkcb=SoA267M3sFdDwPzC850CbzkdCdPP
MS Excel Expert,Axen Apparel (Pvt) Ltd.,Lahore,,Easily apply,,https://pk.indeed.com/rc/clk?jk=314a5d9bf95069ab&from=hp&tk=1j65aj1rehbm0801&bb=6_9HAhBIidR0Lo1Yr7gQ-ywmSTaVoz6O4_xSKyIDEBTUK-coTW2EKQosJ40pN2bV25ZVP9t1oMN1cLY6lEAsmkZIVI3wMvoQAUa58suQSsxm6jNobfTQInuf9bV5K7t3DWwzmcVIzzo%3D&xkcb=SoCV67M3sFdDl_z42p0AbzkdCdPP
FP&A Analyst (Startup and SMB Clients) PK,Kresko,Pakistan,Full-time,Easily apply,,https://pk.indeed.com/rc/clk?jk=c3f187bab50e88e9&from=hp&tk=1j65aj1rehbm0801&bb=6_9HAhBIidQYMrY4-PBP_UjcRjMpUFqCiQu5hv9p7dn9SoHLja7zNMmqFhsXuEGrcq_D1_WWUzPYN3oRA5Wo7lHvtRJzYOl74NlLts6wF2cYpW-31GK0aJvEfRyupExAPqrJZEdMRUs%3D&xkcb=SoCG67M3sFdDl_z42p0EbzkdCdPP
Data Entry Operator – SAP,Ranyal Industries,Kot Abdul Malik,"Rs 50,000 - Rs 60,000 a month",Easily apply,,https://pk.indeed.com/rc/clk?jk=5305c1c2ba5ea214&from=hp&tk=1j65aj1rehbm0801&bb=6_9HAhBIidRDrZMaq2KpkLLdb3XPMYV8CpHzoX_IVtG4aeA3Q1vaDv1TYcShEyNhZLP53AlRBcDfjmHqO1-stnpowKP1t-KHQOouP28-KmXhKzqHhkRpjBWR-XLpbwokaepDR4n2Mb0%3D&xkcb=SoA867M3sFdDl_z42p0YbzkdCdPP
Data Analyst,TGT Nexus Pvt Ltd,Karachi Shahra-E-Faisal,,Easily apply,,https://pk.indeed.com/rc/clk?jk=6fae5863997c9228&from=hp&tk=1j65aj1rehbm0801&bb=6_9HAhBIidQTkH3kt0h5bcQRfpRuTyJrlQqNe0ya_FbniWCdJsx7jN-SbXbPNj8jFUqovPhU1-sr-F_ZyEmT3XuO_hYRhQvxxsK3Guw9cXXYxTSJs__ZO6wNFnkkrnKvkNjJ-BDc2ak%3D&xkcb=SoAv67M3sFdDl_z42p0cbzkdCdPP
AI-Powered Research Analyst,Aykays,Pakistan,,Easily apply,,https://pk.indeed.com/rc/clk?jk=d5be3d94566d0a73&from=hp&tk=1j65aj1rehbm0801&bb=6_9HAhBIidQeiACM_TunDWoJy6aMyBpfsO_zFmbdOnuH9igvTfdiWJpInoldq1_wmF-oJ6Yh4sX1ZncRzO_r6UkvBiQNJcYAKu0PAaM8t1A4SqRO-ifWlz-n324IdapzroQge5Rg6-c%3D&xkcb=SoBb67M3sFdDl_z42p0QbzkdCdPP
Data Analyst,ComCap Holdings LLC,Islamabad,Full-time,Easily apply,,https://pk.indeed.com/rc/clk?jk=e5519c201301bc4b&from=hp&tk=1j65aj1rehbm0801&bb=6_9HAhBIidST1zSYzDbpRQpGneMkGD4AGA3wUFJDSvRYcR0FCMIOlKlIkc68wklTYy75yyq6KwFsTzRiFqlft0gBXOvzu-gA0KOGdzlUJ9OhwJi3W7pQVUHjBkCQF73VMRy2ph-FGkA%3D&xkcb=SoBV67M3sFdDl-T42p0KbzkdCdPP
Reporting Analyst,Arthur Lawrence,Karachi Shahra-E-Faisal,"Rs 80,000 - Rs 100,000 a month",Easily apply,,https://pk.indeed.com/rc/clk?jk=57e6c2f202ed3d2f&from=hp&tk=1j65aj1rehbm0801&bb=6_9HAhBIidQeiACM_TunDe1vxLmfj2NmCTOMWMHuTSZAKTv9YlVKL3EYz74dPmu8VTCZ2__GVEyWZxwBs2f3m4PNAjDSu5I0A02O4oHddnzq8m-0tFOyd7AvDiQPGc7QC-zs047cBWs%3D&xkcb=SoBG67M3sFdDl-T42p0ObzkdCdPP
Business Analyst Cum Implementation Officer,Halo Informatics LTD,Lahore,"Rs 200,000 - Rs 250,000 a month",Easily apply,Full-time,https://pk.indeed.com/rc/clk?jk=92cd504d35ef7849&from=hp&tk=1j65aj1rehbm0801&bb=6_9HAhBIidT63L_QXOCTZNGFos628oMOOatoCwWBi_NuxH4ZqxJaVM0RQfGh-2WtJzgS9iHAXQK2b2kA1xhsuU6fxC9if2qUyMDfTzb2PZ1Vm1fcNEFoVYOkKwLdAFmcDc5nXnoQz64%3D&xkcb=SoAy67M3sFdDl-T42p0CbzkdCdPP
Claims & Accounts Executive,PM Solutions,Pakistan,"Rs 90,000 - Rs 113,000 a month",Easily apply,,https://pk.indeed.com/rc/clk?jk=1bbfcdcca8844818&from=hp&tk=1j65aj1rehbm0801&bb=6_9HAhBIidQW0aTbR_gkEwYYPI9Ualzm8sG2scIgBUeLSjWV1jiPDH1NxQHk3lUDnycsyxNKhW1dwV3ue3cso7jiVS4EPeEB8Yecd47MJvG6-R-asvitXP2bWAPO_AmZxTF8WSniPpY%3D&xkcb=SoAh67M3sFdDl-T42p0GbzkdCdPP
Intern I,TCP Software,Lahore,,Easily apply,,https://pk.indeed.com/rc/clk?jk=8b235ae67c512a68&from=hp&tk=1j65aj1rehbm0801&bb=6_9HAhBIidQNE53aKSzvxQlb1c2Fnshaefxfy4oR3delCfakVNqcePuG44fb226BbVdOh2cIBRB-mC5gNLeYmn4kLu1MjlLwenyF-ofMYMbTYEgNtRwtAcQx47NP-N8isYEEanooqOM%3D&xkcb=SoCb67M3sFdDl-T42p0abzkdCdPP
SRB27 Data Analyst - Regulatory Intelligence,Single Rulebook,Pakistan,,Easily apply,,https://pk.indeed.com/rc/clk?jk=bd4c0119ad10071a&from=hp&tk=1j65aj39c25dv0lu&bb=q_lNc_pV4KS0kBV5wrRbq-40KikMxxNCBNl47CvfQ9xXB_HdNZ1U7GKAoDVUXB_VioaKWsfbGg93WeomvjVCfghUtcMtggkhUuwv9I4Rj-Z_qrlZb9yWKgZ_qyFdjqGpLeJ_7A4BAH4%3D&xkcb=SoA567M3sFdDr1zDUJ0AbzkdCdPP
Data Quality Assurance Executive - KHI,The Fred Company,Pakistan,Full-time,Easily apply,,https://pk.indeed.com/rc/clk?jk=52572d116400cfa3&from=hp&tk=1j65aj39c25dv0lu&bb=q_lNc_pV4KT8xMbkmYfKzSqsxKZYUNjEeA1gfTRxSEpI_P9pyfzcwZWhGlDICtyX4Kjoo8qLZCck8m1l1ajPjKYX40ZGFpDuPHzma7NWokHWwATm_qOsCp9_tXQhtEXZerUXZHROY1M%3D&xkcb=SoBN67M3sFdDr0TDUJ0LbzkdCdPP
WFM Officer (Excel Expert),Business Line,Lahore,"From Rs 60,000 a month",Easily apply,,https://pk.indeed.com/rc/clk?jk=aa11dba11992bfd9&from=hp&tk=1j65aj39c25dv0lu&bb=q_lNc_pV4KRZorFaTJr_K21LcvgVk3jggz_xaijNeJXJEXDbomr5pJ0ohHTL-botu1Gmkfwmwmmr-h3xfG0kxrRsQyXKMXsGGJUxXizQtPj8B9_Xy1-VCp1SEQsnMFMOFKRQeXlYYEM%3D&xkcb=SoBe67M3sFdDr0TDUJ0PbzkdCdPP
Business Analyst,Bitrupt,Karachi,"Rs 50,000 - Rs 80,000 a month",Easily apply,Full-time,https://pk.indeed.com/rc/clk?jk=5aee6032370a4fbb&from=hp&tk=1j65aj39c25dv0lu&bb=q_lNc_pV4KT7SSBT81UAfQjcDbQDOhnocDwhnHHKFpQHyAbesXGm_pCvfI_R9Kyc5PJsgemM3vWppqxOEKVfCCgVcL8BQnEvZRz0rpzzhLfUTcTKEcLIb1Mtyv_9vSbCIoxBV49WYa8%3D&xkcb=SoAq67M3sFdDr0TDUJ0DbzkdCdPP
Virtual Assistant,Hashtag Media,Islamabad,"Rs 40,000 - Rs 50,000 a month",Easily apply,,https://pk.indeed.com/rc/clk?jk=8e54cfa38e7b0c2e&from=hp&tk=1j65aj39c25dv0lu&bb=q_lNc_pV4KS3HYg0R5wuvlNgxIanRjwBMa5afEJGBgNqm-gZ9bugOQYgvj56iLuaGfNdBNz7_FiJGkHzgct_wBeLPwDYk1TB-D6S-YC0pn-ZCDKZt6aHrseGzqPRyrtpIdX8bRa3oLI%3D&xkcb=SoA567M3sFdDr0TDUJ0HbzkdCdPP
Supply Chain Analyst,Incotec Industries,Lahore,"Rs 70,000 - Rs 100,000 a month",Easily apply,,https://pk.indeed.com/rc/clk?jk=8b845a3bb9b8b268&from=hp&tk=1j65aj39c25dv0lu&bb=q_lNc_pV4KQvqj9DQI7y7B8mPWE54siK5R-PMjE0CkMUwBreA_vgk0UXNRmZ96bZTUrDK35f6l3CpZEdMTudPM41DB8oIrcylYH7U94p8Gz0HT0jiVSmUJ_WWrIdvBc9XDwy7djcdzc%3D&xkcb=SoCD67M3sFdDr0TDUJ0bbzkdCdPP
Business Analyst,King Revolution Inc,Lahore Ismail Nagar,Full-time,Easily apply,,https://pk.indeed.com/rc/clk?jk=7bcd0eba067a81aa&from=hp&tk=1j65aj39c25dv0lu&bb=q_lNc_pV4KSNs60lz4IiHANNstaZj705i29GOE-fg4wb58OFyl5dT5_8kYiD13a0bIKk4T1N1ewrB9uqcolGt6P1T1RcB6mjsMDOtu6Pb8qz2fBHGF6bgB741jUYbu8ywcembrAbatU%3D&xkcb=SoCQ67M3sFdDr0TDUJ0fbzkdCdPP
Data Analyst,WEBDOC,Rawalpindi,,Easily apply,,https://pk.indeed.com/rc/clk?jk=2019c2ce7a10c0c9&from=hp&tk=1j65aj39c25dv0lu&bb=q_lNc_pV4KQBuk9uES87ZpqM2nxDnClAbbacSGT-zgUlG5sDXuhACdYgQCLCXDBTv7dZjD-K-M9KD72kx5dkRhwsn9ZzYsEbp1AiSH1rXm9UowWcoqIJ8WCsm_RHfhO44Jsl9kLDFJE%3D&xkcb=SoDk67M3sFdDr0TDUJ0TbzkdCdPP
Data Researcher,Ocudi Shipping,Karachi,,Easily apply,,https://pk.indeed.com/rc/clk?jk=43be9ab73cb8f0e8&from=hp&tk=1j65aj39c25dv0lu&bb=q_lNc_pV4KQUMtjXycAsqbNilYZSqQ4tM4i-SHHqKsg-Jfg6xaWpne-uXrRubGHtuRAeiJfBtd0hPypjButFA_Qjhcu2Ck1oCAs3XjFrO8M9tciFvKtIYWi1rwMEA7QPYeZxI7bFpew%3D&xkcb=SoD367M3sFdDr0TDUJ0XbzkdCdPP
Excel Expert,Carpe Diem (Pakistan),Pakistan,,Easily apply,,https://pk.indeed.com/rc/clk?jk=2f2867f0e7164bcd&from=hp&tk=1j65aj39c25dv0lu&bb=q_lNc_pV4KQAYUGj2QlLTu_h4HA6Tk82cRownaEUMSZRzl8ZhkryToXI7MwO0-Kleh4FCDorroN_8OyQwCl8y08SsshP-Z-l90lpTtekeySVmiDC4kuepJXmCKKFiQrgzXCgOBIV9yQ%3D&xkcb=SoAI67M3sFdDr0zDUJ0LbzkdCdPP
Data Analyst,JMOJO UK,Karachi Federal B Area,"Rs 95,000 - Rs 150,000 a month",Easily apply,Full-time,https://pk.indeed.com/rc/clk?jk=f7134688183d5e1b&from=hp&tk=1j65aj4uuh85v800&bb=2AquMhlHz25CEITApG20d5jkbxU6FzT09ydQSL7WO1evh03ctYnAtYFt62uYEdLZAAm8AjLJUGIMgDL5_IKCr3x2_pHRNS4z-WM0QhaaIPif8gIy2rq82HmPzCAPKIoUwVdC52iRS-8%3D&xkcb=SoBo67M3sFdDcDz4yJ0ZbzkdCdPP
Data Analyst (Annotator),Cowlar Design Studio Pvt Ltd,Islamabad F-7 Markaz,"Rs 50,000 - Rs 80,000 a month",Easily apply,,https://pk.indeed.com/rc/clk?jk=894c2e664f15e9e1&from=hp&tk=1j65aj4uuh85v800&bb=2AquMhlHz26debcsb74GkO2QPuQMuBiAdLc8EFCdjWK4jYF7AtuC65B3Jqyc2gRNVmdK0F8bvhbNQ-L5Yi_zN40f7l7bcShytWKNjMfCAWDC-aRRmQFltt1tewWvlkn8WQwYhBmFNpk%3D&xkcb=SoAB67M3sFdDcCT4yJ0LbzkdCdPP
Junior Data Analyst,Raaziq International PVT LTD,Lahore,"Rs 50,000 - Rs 55,000 a month",Easily apply,,https://pk.indeed.com/rc/clk?jk=14d0ad928c875e0a&from=hp&tk=1j65aj4uuh85v800&bb=2AquMhlHz278twU3aI0n9xAs1fklr58GFzLn_Bwtv0ONXDzMxf9zXz7ch1exilPKG0cNUflfDQvVhGWPL5ertwxUG25k5EqYIP2uWY3OLafBIo3mM2FGWiLGvJf2Nt-NRGDV8eCLIyU%3D&xkcb=SoAS67M3sFdDcCT4yJ0PbzkdCdPP
Management Trainee - Data Science,Alpha Beta Core Solutions,Karachi,,Easily apply,,https://pk.indeed.com/rc/clk?jk=b0d8a2d07325c1e1&from=hp&tk=1j65aj4uuh85v800&bb=2AquMhlHz24iT8q72xva1GslyMdFjkbs-VrStDb_CW8xhWgZzccN6AFRnaxt5M-gTit_DhfjAd9kLgBmdslFcI-7qpISfNBcrAKVjjFLT-Ed9HSztGSbtljNldNNCoFTo2pUSTLCl-w%3D&xkcb=SoBm67M3sFdDcCT4yJ0DbzkdCdPP
Data Analyst (Night Shift),Level 3 BOS (PVT) Ltd,Karachi,,Easily apply,,https://pk.indeed.com/rc/clk?jk=a45eaa3b4273a1f3&from=hp&tk=1j65aj4uuh85v800&bb=2AquMhlHz24vONHLkQkIozZfA3aqmQ_Q2u_ftRWt3nYuRXlsSC3Mh05TW23EIikdrithULqUgHTttQb7N-_oGrn_5U10gvHzafMDUdtJgKuBy6A2kaKp4ozeuzc0CFdS_d7YGHDkHgs%3D&xkcb=SoB167M3sFdDcCT4yJ0HbzkdCdPP
Data Analyst,The Citizens Foundation (TCF),Karachi,,Easily apply,,https://pk.indeed.com/rc/clk?jk=b0e48e67e5a8d8dc&from=hp&tk=1j65aj4uuh85v800&bb=2AquMhlHz243tU4qWc_GtlGuI3LFSbPKKRsnx6LcXNeXTogwBYp1oBnOeMN3hpbb0rI3T64zCfe2sZCo8brz76-tia-Mba7VM3KFfkYGfE2dOJftNlngkvVQfXjaD8pR-8MShYjQNTM%3D&xkcb=SoDm67M3sFdDcCT4yJ0ZbzkdCdPP
Data Analyst – Customer Service Operations,JOFA Group,Karachi,,Easily apply,,https://pk.indeed.com/rc/clk?jk=7c592927b1cad944&from=hp&tk=1j65aj4uuh85v800&bb=2AquMhlHz25fgrMO_R4dzJQVzePu29TEYz_5JQNsOSzRIe3rLUdoGAGiBE5jX9FHGZmJQkx03ehVZlnv1kBX5ZeE1Ccz8NdsE_PZrEXetKigEC0bfrtWRaIIR2Mk74X120oePEhP5Jc%3D&xkcb=SoD167M3sFdDcCT4yJ0dbzkdCdPP
Customer Success Analyst (Data Analyst),Contour Software,Lahore,Full-time,,,https://pk.indeed.com/rc/clk?jk=afbb2d17f6f2e281&from=hp&tk=1j65aj4uuh85v800&bb=2AquMhlHz25CEITApG20dwj5kE2eMnAZuU6w5Xsw_zc27jS0VQjl_7rXRnrxfNJi5E92xIIO-URIOFNb8d8iXTGehjLtJX-_s2AFwN5jFZzSJAmxlFwCP63WnUMB99zGomFYlBUlzXY%3D&xkcb=SoBE67M3sFdDcCz4yJ0LbzkdCdPP
Data Entry Operator (Lahore) - Male,KnackHR,Lahore,"Rs 40,000 - Rs 45,000 a month",Easily apply,,https://pk.indeed.com/rc/clk?jk=ca9175415151d29b&from=hp&tk=1j65aj4uuh85v800&bb=2AquMhlHz254IaeiJh-54hSNus4V9lPznP51E3YYjB7GYl1IZQJIhBGfU8eEoxuOHtQdX_eXZjfEhJ9VHpOcVZ0-xVBUKWHL5HlWAXnWKxtEZmbsjUqDcDamXBXV4zffpL3JFjNvsfs%3D&xkcb=SoBX67M3sFdDcCz4yJ0PbzkdCdPP
AI-Knowledgeable SEO Specialist,JTR Holidays,Rawalpindi,"Rs 40,000 - Rs 80,000 a month",Easily apply,Full-time,https://pk.indeed.com/rc/clk?jk=9134ac8bff366cab&from=hp&tk=1j65aj4uuh85v800&bb=2AquMhlHz251KA3N7R7oNiVwR2t4tRX-YJY1RLCJfytcjbcCQZBRj7XOeZeDLCm3-U3rXxbOQBejt3aIFvIuI0vQmDjlB_VOcB20-XAjwHOxFhlrtS4tHjr15Xaz40RuLrOlJ7JpHMc%3D&xkcb=SoAj67M3sFdDcCz4yJ0DbzkdCdPP
Trainee Analyst – Financial Data & Operations,FGK Back Office Services Pvt Ltd,Islamabad I-8/4,,Easily apply,,https://pk.indeed.com/rc/clk?jk=61b46b9ebacb7d0e&from=hp&tk=1j65aj69vh85v801&bb=1KsmJoD4j20VJ54Ufk_aI_XpCkj9Jb76VANdguarnHtVSHwkrcnPFlmHDMvO84dc1-YKacH3qMyT7kVRGWrt0mh7VQ7SnLDwTgx7wP2xvXRRC_MkhEMtw9TZXZvM2QzYswSMeATkaBc%3D&xkcb=SoDo67M3sFdDD-TDa50AbzkdCdPP
Jr. Business Analyst,Riksof Private Limited,Karachi City,Full-time,Easily apply,,https://pk.indeed.com/rc/clk?jk=300db0bb39a429a8&from=hp&tk=1j65aj69vh85v801&bb=1KsmJoD4j22EJeHcgD8kBAs6Qqec6WU0WnstbbP4mwbR5eUqYb5s1fnQptl8SD3mQMtjjUeMwi2JtGDg_-TZwl7dkKM6BWvdRdB2nhV2Lkk6fjeTBucjUCxQJdS8237y3qpkNex_xXw%3D&xkcb=SoD767M3sFdDD-TDa50EbzkdCdPP
Lead Generation Intern- Remote,Skyray Ventures,Pakistan,,Easily apply,,https://pk.indeed.com/rc/clk?jk=86254fdb28bdb075&from=hp&tk=1j65aj69vh85v801&bb=1KsmJoD4j23QMlRBui9adLn_FAOQxV1WWdQ2y49VeibtNs1R92VXypXy55Ouea4xKu3FW8rtEpFT9iexVTrrn5BVXh9zOqKogq9sZq3J8LpH9Gp9tkDk00uHXJ7grqjMdXM2ghMja5c%3D&xkcb=SoBB67M3sFdDD-TDa50YbzkdCdPP
Business Analyst,StormFiber,Karachi Gpo,"Rs 75,000 - Rs 150,000 a month",Easily apply,Full-time,https://pk.indeed.com/rc/clk?jk=c2fe60f20480221c&from=hp&tk=1j65aj69vh85v801&bb=1KsmJoD4j20NaVSliV4KVbJChDFXzDR0CWRaeLDNmsJf0-n_ze9NM5uQu8o2WyaBEqqKbl4VTjrQTwyGEX8e581IzG-toxYKoR5YYGpi9vwtjM2-Hhbfm1eYQljVkD9V8F2cs-nHFFc%3D&xkcb=SoBX67M3sFdDD-zDa50LbzkdCdPP
Junior Accounts Officer,Cordatus Resource Group,Lahore,"Rs 50,000 - Rs 65,000 a month",Easily apply,Full-time,https://pk.indeed.com/rc/clk?jk=c5505627dae0d856&from=hp&tk=1j65aj69vh85v801&bb=1KsmJoD4j23UFsClK67KSVkZyIMHshm7nSPM0cCEPWY6PrmAKdX3TZ0zBIwVKo0UxIM8pKos57P78IHMnKb6QhqIAMR4KHkjo-QnH39gILNDbWFB9EYcICdrkF97S_XCDtOrepbsexg%3D&xkcb=SoBE67M3sFdDD-zDa50PbzkdCdPP
Netsuite Accountant / Bookkeeper (Urgent Hire),UC Consulting services LLC,Lahore,"Rs 150,000 - Rs 350,000 a month",Easily apply,,https://pk.indeed.com/rc/clk?jk=2e109600fde71bb4&from=hp&tk=1j65aj69vh85v801&bb=1KsmJoD4j20H7c4FgAzEDn2dSivlyu0g19N-ujMzgXw-uAooTMm9RN_Zf3Y7IQGW2aXly0MeG2rWqS32r5BIRPw3YPTZOigazJyOqEGFXnqxeOuyLPM7GjKq2WPFoHD6oA1I5FWPGyA%3D&xkcb=SoAw67M3sFdDD-zDa50DbzkdCdPP
Data Supervisor,BCoral,Pakistan,"Rs 65,000 - Rs 75,000 a month",Easily apply,,https://pk.indeed.com/rc/clk?jk=c29fd11ddf0bdf63&from=hp&tk=1j65aj69vh85v801&bb=1KsmJoD4j205tt8gns54YSaF6hmzGBIKxB5iFQB2huiiSvtFW3hBmYyCxmhuImJ2Aba7WTSu5Lz6In2TcDHlgGBVjXFFzVT7GxKAR5zjgYP6AhD9H2VMsm3hllTcH1SXW2ldq70xW6Y%3D&xkcb=SoAj67M3sFdDD-zDa50HbzkdCdPP
Data Analytics Associate,Mac Care,Karachi,,Easily apply,,https://pk.indeed.com/rc/clk?jk=a4ec15027def178c&from=hp&tk=1j65aj69vh85v801&bb=1KsmJoD4j20NaVSliV4KVQSBKR68YhVwMzo6-0vejwJix60c1myDqPiOEHL9UJSkoznm7eGb8BxaB-rWO8GHURqdUahoJ7LDqFnSYd14BzM1uQIXzlxghob6ou4hNO8hbOBBjN1dNlU%3D&xkcb=SoCZ67M3sFdDD-zDa50bbzkdCdPP
Functional Business Analyst,iHorizons,Lahore,Full-time,Easily apply,,https://pk.indeed.com/rc/clk?jk=fb63b407f09dde53&from=hp&tk=1j65aj69vh85v801&bb=1KsmJoD4j21GcYXg8Y7dsecxxRjThI91neuaiYmPw8xTGcwANuymqFlqGuMBKyhgRGe3DvNJHEZHGedfmpMiTecmplJApsBjDv04m0Hf6jR_G7GySVpNlTDDjIZnYMPG1WeTjKlbaDk%3D&xkcb=SoCK67M3sFdDD-zDa50fbzkdCdPP
Data Analyst II,Careem,Lahore,,,,https://pk.indeed.com/rc/clk?jk=5410d4604abac434&from=hp&tk=1j65aj69vh85v801&bb=1KsmJoD4j22sJDBKw36dHXBbDzx6flmScZr5FiHJKSffzFzh-BUu3BVMx-BuHu---OzzPv8tsOVDTXyf7XOsUkXoFCy_EIjZmI7kVPFOpffU8w-u4jroTXpbbtrEhi28XF_Asgt1AG0%3D&xkcb=SoD-67M3sFdDD-zDa50TbzkdCdPP
Trainee Business Analyst,Contegris Pvt Ltd,Lahore,"Rs 25,000 - Rs 30,000 a month",Easily apply,,https://pk.indeed.com/rc/clk?jk=ae1f701d41eeb375&from=hp&tk=1j65aj7idhbvm801&bb=4fZ51cPfkGZb4UkYRmOqph5Hjd90wnj1Wa6-O_gzQxVwh2wb6eXjCqlZWdqFJr0UFjYz-WtYRl5UlO77EW3FmdGL0xIEstZnJgPXmvP4oknuz3d_Ug_aITt-9v7cKKcl1TU-W7V8Q7s%3D&xkcb=SoDQ67M3sFdDJ8T4ZZ0BbzkdCdPP
Junior Data Analyst,Dm Clinical Research Group,Karachi,,,,https://pk.indeed.com/rc/clk?jk=466f72bcd56a27bb&from=hp&tk=1j65aj7idhbvm801&bb=4fZ51cPfkGaNFJOBfY9Z5Yv8h3KRt5KmTJERWZcRwbtxPjm5ylJzyOjAAvQxsZSmnxb58Ga21HhdwYYn0SlfGI9uVEu8-95ARptYlFXikiQN0GaANkcwtgCVYBz9kZgviTCO7FFFMZ8%3D&xkcb=SoDb67M3sFdDJ8z4ZZ0LbzkdCdPP
Staff Accountant (Night Shift),Arthur Lawrence,Pakistan,"Rs 65,000 - Rs 70,000 a month",Easily apply,,https://pk.indeed.com/rc/clk?jk=2bd6691db70dfd4f&from=hp&tk=1j65aj7idhbvm801&bb=4fZ51cPfkGY_9GG98CkpYJpzhloH831e1PVTV0qmNv3RJQirP_JIyDDZrUcUloM5N7wO_MFb9N33xIiFDdJvr_K0kM4PREOW_FrBdqwqEtheISwm1bgwyNJ6tusEW2YS-WUqINVxn5Y%3D&xkcb=SoDI67M3sFdDJ8z4ZZ0PbzkdCdPP
Account Receivable - Medical Billing,Physicians Revenue Group,Lahore,Full-time,Easily apply,,https://pk.indeed.com/rc/clk?jk=ff13d4aaa846064d&from=hp&tk=1j65aj7idhbvm801&bb=4fZ51cPfkGYj4mDb7BVgxRwKEel2MnNPScukzernfRhvvpar_2CrI07p414b4yxBJWYdpAtYMY3_5palw_AZl10Ca0u4akU81qkUPfTZ0u5iTBddX4sUnOBcDMZqziuVklww9bzI7ng%3D&xkcb=SoC867M3sFdDJ8z4ZZ0DbzkdCdPP
Billing Associate,Piedmont Behavioral Services,Lahore,"Rs 30,000 - Rs 35,000 a month",Easily apply,Full-time,https://pk.indeed.com/rc/clk?jk=1b7fb3d1cf9c5c5a&from=hp&tk=1j65aj7idhbvm801&bb=4fZ51cPfkGbtattOpM17lTGwrQnR2rs25ErcadjXRSUF2rx_QzIRCX4Xpq-DsAWuWeJnNhhP9BrrwJNdJTAOHMbyX9hppB1DVTQZvxvXlDlfuNO5dtp-Dx8TY7ShnULqj4yYv8T4dQQ%3D&xkcb=SoCv67M3sFdDJ8z4ZZ0HbzkdCdPP
Accounts Assistant,Pakisitan Spring & Engg. Co.(Pvt.) Ltd 31/32 KM...,Sheikhupura,"Rs 40,000 - Rs 50,000 a month",Easily apply,,https://pk.indeed.com/rc/clk?jk=058d2b85c4bba199&from=hp&tk=1j65aj7idhbvm801&bb=4fZ51cPfkGYhxICtF453vollU8jC_lfl3XU1Gm4BvKaDfptxBLbKdzqx0YLX5AhL2vqdBUMNSKNhs28vnL7CVtRQw9a--63D5RQ5h_kSnl1DpbY1eeL5VgVWGq8YWuQf_S2Y-tSjmlE%3D&xkcb=SoAV67M3sFdDJ8z4ZZ0bbzkdCdPP
Data management agent,IT Empire Private Limited,Faisalabad Peoples Colony No.2,,Easily apply,,https://pk.indeed.com/rc/clk?jk=8c79e50e26bab82c&from=hp&tk=1j65aj7idhbvm801&bb=4fZ51cPfkGZC88DYS6OHEC74ptzKcvkEBX9Grm5HuojTCQQyK9TDcdoEbyC1j5Ka4R1XkIIymvbLBusCkCkbFsHtTQ6W8EYddOhGb_i5KLLOlmjX8o3bAFFb2WEcVHbG2HobwDrRpQY%3D&xkcb=SoAG67M3sFdDJ8z4ZZ0fbzkdCdPP
Business Plan Writer & Financial Analyst,Chisty Law Chambers,Faisalabad,"Rs 50,000 - Rs 80,000 a month",Easily apply,Full-time,https://pk.indeed.com/rc/clk?jk=71c8391322b4a8d3&from=hp&tk=1j65aj7idhbvm801&bb=4fZ51cPfkGaySw25ZBEeNAlLUOpeAtWksW-9xHNbo1WTOjBgHc7beIG4SNV6WOzsZlFXF-7Mr0uxnrKKvS0HUxbDvFVYmQPVUZtQWWe2RX3lWd_KBtiHNkJmdjME2-v8DrP4-7X7tSE%3D&xkcb=SoBy67M3sFdDJ8z4ZZ0TbzkdCdPP
Data Analytics Trainer,Fortray Global Services Ltd,Islamabad,,,,https://pk.indeed.com/rc/clk?jk=a610671a7e0116bb&from=hp&tk=1j65aj7idhbvm801&bb=4fZ51cPfkGaXMGL3fj8wnmHABPegUoOR1AXqOCJO1yRWJEC5O1kpCqVzNqpXZYnnUH-CcAdVPmYTNUJ2DjaVBoUpuyz-zN0DiiPmn-0RSpuT1rTVKrnHG_C7u2BG-DLdSEiy9TJI3Kc%3D&xkcb=SoBh67M3sFdDJ8z4ZZ0XbzkdCdPP
BI Developer-Oracle BI Analytics,Kuza Ventures,Karachi,"Rs 80,000 - Rs 130,000 a month",Easily apply,Full-time,https://pk.indeed.com/rc/clk?jk=6a0c85a0d7193378&from=hp&tk=1j65aj7idhbvm801&bb=4fZ51cPfkGY3-Gzu9LcR69QAHim5lqLiBCa6CjX1VSdMT8I6CB48KbWAtcqeTyj8xhJlliOzJD0j6Z58oU4bTFUKEErN2vT1WxYDXz4e81n9Z4QFvs2L1EcdJr_Ibob2pyphpRX-V1s%3D&xkcb=SoBH67M3sFdDJ8z4ZZ0rbzkdCdPP
Data Visualization / BI Dashboard Designer (Part-Time),CODE Informatics,Islamabad,,,,https://pk.indeed.com/rc/clk?jk=6da07d5a7a903891&from=hp&tk=1j65aj8vjh85v801&bb=WVw9NZ6JicyBWK4MXeL6LpDPKlQjWviow0RYF9Nbp7K4C_F1SQ0E7Kyp2D0dU68zdloxfRojQzl2yrpaTQKPlkiG34V4QKmu6StgWB7JYVavPJf8alp-4Q0wVQT_7NHGAZgE4oUH_s8%3D&xkcb=SoDP67M3sFdC92T5dp0AbzkdCdPP
Senior Business Analyst,Think Digitally Pvt. Ltd,Karachi,Full-time,Easily apply,,https://pk.indeed.com/rc/clk?jk=df5eb456898f1626&from=hp&tk=1j65aj8vjh85v801&bb=WVw9NZ6Jicy8ZGimGdSnwpn0IIhS4NkKHm3b2BQ6isGOxvnx63TA3v8KBRPeEZM6NluLdi_ySX3D_0evEBtv7Cmr_z_xC5kzewDTartF7JoRAqGEZBxajEqWMZgAHcXaX2cwamDsKj0%3D&xkcb=SoDc67M3sFdC92T5dp0EbzkdCdPP
Credentialing Specialist,Complete Healthcare Solution (Pvt) Ltd.,Pakistan,"Rs 60,000 - Rs 80,000 a month",Easily apply,,https://pk.indeed.com/rc/clk?jk=42f33f5d3e0dbeb3&from=hp&tk=1j65aj8vjh85v801&bb=WVw9NZ6Jicwq0_2iaFYRTX7C4upaLBr_nDuSKPb2aMuJ6gkeO85121JbiTcZVTToVzKlglkctUP4uETD3_qZf5OgO9ASdMuNCgdMIXg7tApIvIRbku-pIKknVVj0qjMY3Wcfp4oB65o%3D&xkcb=SoBm67M3sFdC92T5dp0YbzkdCdPP
Executive Secretary to CEO,Avanza Solutions,Karachi,"Rs 90,000 - Rs 150,000 a month",Easily apply,,https://pk.indeed.com/rc/clk?jk=a80cc508ca5e4114&from=hp&tk=1j65aj8vjh85v801&bb=WVw9NZ6Jicz8nCZjzu-QJbLXQ3UDeojn_orgM1Ojv7wbEiReIuL5yQQZxiRnYfLrgaixhg0_oCRboXQ6kJOPab1JgzTKIZblhMcU0WpIbqd8TnHkhL70qsCCVpm-4VQJFIs6_Nu4WKM%3D&xkcb=SoBw67M3sFdC92z5dp0LbzkdCdPP
AI Implementation/Automation Assistant,MSK Marketing Solutions,Pakistan,"From Rs 100,000 a month",Easily apply,,https://pk.indeed.com/rc/clk?jk=9cd3bf4524dfb4a0&from=hp&tk=1j65aj8vjh85v801&bb=WVw9NZ6JicwyyhIM87BICnOnuOEJGMjjyNe0Mfm17bpfpf5y1Tnaj6ONdpocn21rSIhHndus4DebLpxqty223xgAEC4ev_6Gmhvm2-jazCnV0i96mm3Ir8cvG_qGlRcywhFvS7V6TaM%3D&xkcb=SoBj67M3sFdC92z5dp0PbzkdCdPP
AI Instructor (Remote),Codingal Technologies Private Limited,Lahore,"Rs 35,000 - Rs 80,000 a month",Easily apply,,https://pk.indeed.com/rc/clk?jk=432bdb1437130119&from=hp&tk=1j65aj8vjh85v801&bb=WVw9NZ6JicxpZOmxCk8EyrtznMjkCCta5pTcferwbx_UtiQAUg8f9je1B1klJqGnscNsS9x80t933KX1sZJ924WyRll2YxdVioDlJPHJCF5dtctOr35Pr6Cr2ci3dCe-ycJHYWgFYdg%3D&xkcb=SoAX67M3sFdC92z5dp0DbzkdCdPP
Analyst Expert Relations,Insights Driven Research,Lahore,Full-time,Easily apply,,https://pk.indeed.com/rc/clk?jk=0dc4bb32e54f0b5d&from=hp&tk=1j65aj8vjh85v801&bb=WVw9NZ6JicwzZDT8quEZreKmCeg6sgmtH9vqdNtPxVqxP_naZNmzHaXFLnkQpHTIfpAugt3OxSMRl9yWK6zjnFrUjfa39drfb-zxbxTQDSZkMpxNJkMBf3kBTRuPJNvIhKUD-AMZRAI%3D&xkcb=SoAE67M3sFdC92z5dp0HbzkdCdPP
We’re Hiring – Accounts Officers (Lahore),The Success Ventures,Lahore,,Easily apply,,https://pk.indeed.com/rc/clk?jk=92c001c57f7795a6&from=hp&tk=1j65aj8vjh85v801&bb=WVw9NZ6JicyId9a4Yu-092CePEmEc07O7rthBtPbwal30fjtQPvejM7G_z0CdxSUw7XvyydE-OQzmGhLdMOMgrKrJNSUmvgqUMob1FELER4pPWjo5eNGxJ-51gTfX6e-iQ_9f6LDbmU%3D&xkcb=SoC-67M3sFdC92z5dp0bbzkdCdPP
Data Governance Analyst,Xavor Corporation,Pakistan,Full-time,Easily apply,,https://pk.indeed.com/rc/clk?jk=347127dbfec2b1ad&from=hp&tk=1j65aj8vjh85v801&bb=WVw9NZ6Jicw7YyUZPbyserUcMiAWLYSnl7Bl0tkfSpq54hJIW-3wI3D1YyWmsW6CG3EUGdTrZZNjl90T8sG-WBJ50KN-xQfiPFI8HCKQMCV06ZVOIOFTIEG7dPmv5rcuEXukkW0KcZ0%3D&xkcb=SoCt67M3sFdC92z5dp0fbzkdCdPP
Data Validator,Love for Data,Karachi,,Easily apply,,https://pk.indeed.com/rc/clk?jk=855044353f6f3e60&from=hp&tk=1j65aj8vjh85v801&bb=WVw9NZ6JicwzZDT8quEZrffc8UsZbkGGU-gzgXSGR8XotZFaMP9H3fAcWBS0GMDvNDJ-tLR_8TGZOaj9cQonAhIUDB4l48-D5EzD_ux1Fu41es5mPud2MuFGgHOl1RbOnEon-zGJBf0%3D&xkcb=SoDZ67M3sFdC92z5dp0TbzkdCdPP
Female Sales Data Analyst,1 Solution Consulting,Karachi,"Rs 100,000 - Rs 170,000 a month",Easily apply,Full-time,https://pk.indeed.com/rc/clk?jk=f73e95703e13c62b&from=hp&tk=1j65ajajohbvm801&bb=soaWBlX8kfO1KONJeQi5sJi-pR4d8hwqidFRXdm4TgZK1bVuLhFD_yv8ZbsF5ZOArxXMjQ-ksuojRU6KPJIFiLF9g71tKLb91Yvi0ZgD69gFjwtPXoTznITigCpZT9YiVqm9EOOYtDQ%3D&xkcb=SoD767M3sFdCumT4aZ0BbzkdCdPP
Business Analyst Intern – Females Encouraged to Apply,GE Solucions Pvt Ltd,Karachi,Internship,Easily apply,,https://pk.indeed.com/rc/clk?jk=cde7bac8626eebba&from=hp&tk=1j65ajajohbvm801&bb=soaWBlX8kfO0cYmyksrAx5Z10zccNODqHwOiw5ObAttUfgMUHiOoYl8FJnM0tYZrnQfjkQe2nDP-MJ5RGQzdXOI3rxSRV18wyoDnxYY7C75f1x-k354tWA47bnWkdryHiXtZtG_DaFs%3D&xkcb=SoDo67M3sFdCumT4aZ0FbzkdCdPP
Debt Negotiation- US,Abacus Outsourcing,Lahore,"Rs 80,000 - Rs 100,000 a month",Easily apply,Full-time,https://pk.indeed.com/rc/clk?jk=dba2c72c1220a8cd&from=hp&tk=1j65ajajohbvm801&bb=soaWBlX8kfNCVdZdnDSFPpYcsAZe8u72sQKvsFXjpG3fBjjWCRIogtbFQ_-oN3NPwL79qW14RryEQNgvytFRJuG4GAE66k3cSMKhnE4gD-Y97uDA45a9Pj4ytv58RtP8rm_Z9V7Bmok%3D&xkcb=SoBS67M3sFdCumT4aZ0ZbzkdCdPP
Supply Chain Intern,HR First Pvt Ltd,Lahore Gulberg Colony,,Easily apply,,https://pk.indeed.com/rc/clk?jk=b0bef84d9659b093&from=hp&tk=1j65ajajohbvm801&bb=soaWBlX8kfNZ7fubcsGIrBH-I9c6i6uz18lXDioH_F2NvYa1XtfUWxvZbI6zbCTlKRmUKtHpyHCK4_CUMK8IKRonw_RcKrcPXUznHBSeAkvHFCp4SGvnKbesyq0yldfYN8zoHY-S-u8%3D&xkcb=SoBB67M3sFdCumT4aZ0dbzkdCdPP
Business Analyst,Riksof Private Limited,Karachi Clifton,Full-time,Easily apply,,https://pk.indeed.com/rc/clk?jk=8519a65c8583318f&from=hp&tk=1j65ajajohbvm801&bb=soaWBlX8kfPSjBTDPcfxiBicB3ltdFnAb89wjHV-rR0zrWw8haSF4Ym-pZcWCvSXwuyj2byYPI2vHQ_L7DXnGJ9hgYb7r5zH771Kut8-GbS4pJXgvu0ZgHrlhLLOe5KYXDTzl4gp3cY%3D&xkcb=SoA167M3sFdCumT4aZ0RbzkdCdPP
Account Executive,Vibractive,Lahore,"Rs 50,000 - Rs 60,000 a month",Easily apply,Full-time,https://pk.indeed.com/rc/clk?jk=c03f478524d325eb&from=hp&tk=1j65ajajohbvm801&bb=soaWBlX8kfPgoUoH9U2wSXiwMUGU5bXBv8E3yhRZ8xaQKDP-bPbAYCwljZDfiE3cRqcLGoczeLH-dmCFpJVbtrbZuxUbnJzjJ8ZY9oie4GfkJwsIOZa0UhwF7ik4EHdgDMo_-ZwRsWk%3D&xkcb=SoDw67M3sFdCumz4aZ0LbzkdCdPP
Data Extractor,AmentoTech Pvt Ltd,Lahore,Full-time,Easily apply,,https://pk.indeed.com/rc/clk?jk=759948cf5afbc5ac&from=hp&tk=1j65ajajohbvm801&bb=soaWBlX8kfOW_hSf9a1AFoFLQKoqyhu8GYJ_Ylr7KDOHtf_v2ViIJ4Qpf8hsp0Yoo6bjH5C1dMq5uNaQ6JhujuSdjm4S9h4MRLPvvUVyXcgVTteUOoQD0dhHM-wQCj9B2tC63ZSA2h0%3D&xkcb=SoDj67M3sFdCumz4aZ0PbzkdCdPP
Data Science Instructor,Rizfa,Faisalabad,"Rs 65,000 - Rs 70,000 a month",Easily apply,Full-time,https://pk.indeed.com/rc/clk?jk=f8a9f012da06c1ee&from=hp&tk=1j65ajajohbvm801&bb=soaWBlX8kfPXee30h7OjlDUDs79pYJN8bDZoQS3PTxkc_UlxZaLaeKQlGRA9K6QOoqRHCJhEIOHlVZYNnlzqwMudF6-__ltrY9AIKMqHKo_IJ-kci1cAXmj1cVycj4ny8_XRdhb-wVk%3D&xkcb=SoCX67M3sFdCumz4aZ0DbzkdCdPP
Administrative Officer,Chisty Law Chambers,Faisalabad,"Rs 80,000 - Rs 100,000 a month",Easily apply,Full-time,https://pk.indeed.com/rc/clk?jk=43c4a3ed61634dee&from=hp&tk=1j65ajajohbvm801&bb=soaWBlX8kfN0NRxA6p5P2EbpFIwZIY6oSP00rHcUQhjzIKL6JSHzPClrAY5W6pxp0iDw0p4RhzHggfzkVmzVz-bbeW0rd219R5jg0Q9VUigvzDrqmqwmyNGz-xG4Fsr-iESFP0A64dM%3D&xkcb=SoCE67M3sFdCumz4aZ0HbzkdCdPP
Business Intelligence/Data Processing Officer,HR First Pvt Ltd,Karachi,Full-time,Easily apply,,https://pk.indeed.com/rc/clk?jk=44d713e747b5f0de&from=hp&tk=1j65ajajohbvm801&bb=soaWBlX8kfMQMDQb1yO533JDqKkaSOaWrj-EZYPjph9j_CUkyBU_ShVtlu3xyTUKGSHB3LSS7JeRdYvgTZNsdc6AX3xTaNNDJYjM4gojJ4Iv-0YE8rTJkVQH2aO8fc-BfRVE2PIXox8%3D&xkcb=SoA-67M3sFdCumz4aZ0bbzkdCdPP
Sr. Power BI Developer (Remote),Code Creators,Pakistan,,Easily apply,,https://pk.indeed.com/rc/clk?jk=7a25a470a3e1e4ca&from=hp&tk=1j65ajc50h85v804&bb=bNBBFN47ERTmWnGiGBO5aIoTr-N1zm85o1CvIhAVhAR88jq5OkewGYdkVh1HtYd8wKQ4W1s3MB0bLqkFF2mMkdZbTf0t6vVn5I3pNc4JIAKZ3y12xNfBd6vzhrDNPUoNJJb7c6nPyrA%3D&xkcb=SoC167M3sFdCSSz4aZ0BbzkdCdPP
Publication expert,StudyAero,Pakistan,"From Rs 100,000 a month",Easily apply,Full-time,https://pk.indeed.com/rc/clk?jk=0b4923fa832d23d3&from=hp&tk=1j65ajc50h85v804&bb=bNBBFN47ERTpKaynpop22yUjDrgyFyB2pL3fBF-auOkB0iKg81b2Ih256wls2-1RaGSZrFSI2LkkYjZrLyjWAfxOtsAgStUhdwwq49AElDteImO1v_yd4i6Lg3Mk5h5XoMhTA6vEBRg%3D&xkcb=SoCm67M3sFdCSSz4aZ0FbzkdCdPP
Accounts Officer,TalentHue,Lahore,"Rs 50,000 - Rs 60,000 a month",Easily apply,Full-time,https://pk.indeed.com/rc/clk?jk=c3d50d331030b692&from=hp&tk=1j65ajc50h85v804&bb=bNBBFN47ERQglab-XPmVa9BXlfo4Oq05dikvzI_bJAWFGpdzvzCEj1lMaM09FCmq0ta7HMFH5WZRPDw_sr4MXvUu3Gi5sw8MMlo0MMO0jZWaFxklLeOamfv-ffh8xXzjOd03gH7GMRo%3D&xkcb=SoAc67M3sFdCSSz4aZ0ZbzkdCdPP
Senior Accountant / Head of Pakistan Office (U.S. Gas Station Operations),The RoadRunners Gas Stations,Rawalpindi General Headquarters,"Rs 220,000 - Rs 240,000 a month",Easily apply,,https://pk.indeed.com/rc/clk?jk=7ecf7f8814f158b6&from=hp&tk=1j65ajc50h85v804&bb=bNBBFN47ERQsAJFxRobU9WQKfq_81GG-sNo3MPq1L9UN6-NrQPsOG2da0Qx8xKfUaH01G3t-o_064412gHDWyMt7IRqq37Wo0HSe1rJI1KeMmuDiUKun0WTDcZ9QQD2NVPhiff5c2QE%3D&xkcb=SoAP67M3sFdCSSz4aZ0dbzkdCdPP
Accounts Executive,HYPE,Lahore Allama Iqbal Town,"Rs 40,000 - Rs 60,000 a month",Easily apply,Full-time,https://pk.indeed.com/rc/clk?jk=83823eec2e877c4a&from=hp&tk=1j65ajc50h85v804&bb=bNBBFN47ERTufSHLvW5f-DC0kR8xhTN_0isgTJmL9Ow0T0ug1AW4gm-0Cx0kcxLagaNsVwBDPgkuRvurocWQ5htl72SZLAfBSmFBhD7WufZnmT54zlcmrg1Y6Okqf1zjAp_1U3xnSbo%3D&xkcb=SoBP67M3sFdCSdT4aZ0IbzkdCdPP
Account Executive - Factoring,Bobtail,Islamabad,,Easily apply,,https://pk.indeed.com/rc/clk?jk=88fce192d7306f0a&from=hp&tk=1j65ajc50h85v804&bb=bNBBFN47ERQMIC87g2rshav8KF2_teMQDvfvE3sembuTRYBZtb3ZK2YcME5ul37nuM9IbrEC6FAloDfg9IfloxBzwxkyVJEtcPTskH8gMbVeiQo9_TgG96FPSHok0HoAomsax1HCJ0g%3D&xkcb=SoBc67M3sFdCSdT4aZ0MbzkdCdPP
VA - Finance,Decentralized Masters,Lahore,Full-time,Easily apply,,https://pk.indeed.com/rc/clk?jk=30e42459e047bab3&from=hp&tk=1j65ajc50h85v804&bb=bNBBFN47ERQhRjYLqYgieRHLdeYGQRfw0eLu9Cqo-3o_RQLHEZJEaM7kM_SBXRiH9qo67dKdofIAyFZH_tSZMSYMkk5_r2hOf6Hm6T3LQFIej9Gbb6W8oS_fZlp61KGJyM3kbQ_3ZEw%3D&xkcb=SoAo67M3sFdCSdT4aZ0AbzkdCdPP
Business Solutions Analyst,Spreetail,Pakistan,Contract,Easily apply,,https://pk.indeed.com/rc/clk?jk=f9cf69fb0b443a8a&from=hp&tk=1j65ajc50h85v804&bb=bNBBFN47ERSEWAcdtCSUt6v8VexmBYglNOhODMopAdswOdgODdly7oEFt6uVHyoKlCjkeiU4EwlpMV9A65AuVSb0Wz9cWWB6BSvfqKziiAFgmyUxmfsIwXjLJACGpacb5vTreCZwU3k%3D&xkcb=SoA767M3sFdCSdT4aZ0EbzkdCdPP
HR Analyst,Rafhan Maize Products Co. Ltd.,Faisalabad,,Easily apply,,https://pk.indeed.com/rc/clk?jk=c7d61d7c2b853bda&from=hp&tk=1j65ajc50h85v804&bb=bNBBFN47ERSlSuWjDyqDlVK9HUmhVx8zsimZh5UMrLjwTo1u-t5fgAQoEJi-6IRajoGJyUzr4BA0zYcAuYxukmgE2kK9qoBEmOyOxB4kHBcX5XDi6bfDKiL8hJH8rQGUSMTpTcmwT50%3D&xkcb=SoCB67M3sFdCSdT4aZ0YbzkdCdPP
US - Tax Specialist,Aspire92,Karachi,Full-time,Easily apply,,https://pk.indeed.com/rc/clk?jk=40be0d6d97044837&from=hp&tk=1j65ajc50h85v804&bb=bNBBFN47ERSxz0XNvJIRcuToUbRxyTI2YizMwmVb19wiJrLul9q1eTv1xd9FwAy8J-9EUtWi2lo4sMG-h3WrqbKxqe8uVRTxpNcZyr43h0OhYFwOLCbhF5sVgWe4jDDvnjqrWmB5fIM%3D&xkcb=SoCS67M3sFdCSdT4aZ0cbzkdCdPP
Certified Professional Book keeper,SleePare,Pakistan,"Rs 250,000 - Rs 300,000 a month",Easily apply,Full-time,https://pk.indeed.com/rc/clk?jk=003103b3492fdca3&from=hp&tk=1j65ajdmq25dv001&bb=umOsTSdYRUfHDHf4nvdFL6cWg5NEsSrGuoTPaKWOamLMWm-7ro0198W2rNRl9a-HM0LVQe-WFpma8F7TFrhOugYN6iFefva00cA3K9xTTruLyWS_7lPAu3ZIeqqX82xu-8KsLB22atE%3D&xkcb=SoAZ67M3sFdCHozCUx0BbzkdCdPP
Email Marketing Specialist,MID Construction Group,Pakistan,"Up to Rs 1,406 an hour",Easily apply,Part-time,https://pk.indeed.com/rc/clk?jk=144f0ddf9c589b6d&from=hp&tk=1j65ajdmq25dv001&bb=umOsTSdYRUe5w2Sy5McVz8hWScgpmBc2zpJu29Ivi2J9DoFiM0YKUVWOXZjRv-bfg_Z40ppHxxBHnqQs43G4sTznWsfRM2PNAEH5HS5Zip1FL8udgUo-bzmA5TvdiRsA1nrQ9wx27b4%3D&xkcb=SoC-67M3sFdCHozCUx0EbzkdCdPP
Financial Reporting & Accounting Specialist,Arthur Lawrence,Karachi Shahra-E-Faisal,"Rs 300,000 - Rs 400,000 a month",Easily apply,Full-time,https://pk.indeed.com/rc/clk?jk=89f3ed387ce950d7&from=hp&tk=1j65ajdmq25dv001&bb=umOsTSdYRUcMw5nAZ2ZsYZ_oVDj6EJ58uo8s5ok9R_vbe3bXFtyZXaV10t1YPz6WI34npw4hdRwg8ZoMrmY-aPnLskT5nXaRm9KhTuvrBL3I2CK53sszdIoeu_W60kGUbqqHX2Ce4ng%3D&xkcb=SoAE67M3sFdCHozCUx0YbzkdCdPP
Accounts Executive,GR TRADING COMPANY,Lahore,"Rs 40,000 - Rs 50,000 a month",Easily apply,,https://pk.indeed.com/rc/clk?jk=18cd5fda677dcc92&from=hp&tk=1j65ajdmq25dv001&bb=umOsTSdYRUfbGvoJdQ5GDBqQgQnd3RdwCPG31JOi2ypVtfKOQd88lnHTJqQBhv2KRY12BpzUSCoBD14bGL6YYKDfaJcW_aC9eVmb9ORaHGCS8QEcjSBh4MdvnrBhBW3yOubgW1F2p8w%3D&xkcb=SoAX67M3sFdCHozCUx0cbzkdCdPP
Finance Analyst ( Female only),Aspire Group of Colleges,Faisalabad,Full-time,Easily apply,,https://pk.indeed.com/rc/clk?jk=7d74cfff8c512a92&from=hp&tk=1j65ajdmq25dv001&bb=umOsTSdYRUeAZPq5j3bpgXE4u1Ci-IdenIWrCfttz_a0PbLD-Pp9j8IA_zUDaGDAT6-v-UR1afKVJYly8MxSCHtkPoL5lfJJAUgThJd4LLL0W47pFsx8l_b4a-w93c8VOFjaYr75I2s%3D&xkcb=SoAO67M3sFdCHrTCUx0LbzkdCdPP
Assistant Accountant - FinOps,Dubizzle Labs,Lahore,,Easily apply,,https://pk.indeed.com/rc/clk?jk=b161d70a9ca3bb13&from=hp&tk=1j65ajdmq25dv001&bb=umOsTSdYRUdnQZl_ElTG0igpSEaHvbFNFv_WxOJQlD8Wo_75XC2A1kM4gWmS5Mwk_oLrztXidtDJtwshbJVOZCyYHXvUENw7o87tFDVMIMLXIzyq3YHRAaNfPp8CSnb84-CuzlESkVw%3D&xkcb=SoAd67M3sFdCHrTCUx0PbzkdCdPP
Operations Officer (Fresh Business Graduates Only),Raaziq International PVT LTD,Faisalabad Gpo,Full-time,Easily apply,,https://pk.indeed.com/rc/clk?jk=9ccdaf159f2c40b8&from=hp&tk=1j65ajdmq25dv001&bb=umOsTSdYRUfxgqD2ptez8QgAdfw-4leMOXW1StPnq2x-9Ve8jOPqZ7uOZBRyPJIyr2LDaCrMpVZ2XBUchBD2g_99WHFVunWsUvmAyNMgy-YxQtnYPhJiNvjflbrd_DNM_IV3tao0AgY%3D&xkcb=SoBp67M3sFdCHrTCUx0DbzkdCdPP
QC Analyst,Nutrifactor Laboratories (Pvt) Limited,Khurrian Wala,Full-time,Easily apply,,https://pk.indeed.com/rc/clk?jk=2a5525e015196901&from=hp&tk=1j65ajdmq25dv001&bb=umOsTSdYRUe_nYYP0a94I2t5ulIZdFaz20m36HH2mTmc9n3xgQ9C-WFbjobC8y1d6-IQQQ9j2Pp0aCDeMmx8AIzFgusmjlNmWgE1q8AJc77ud-aThWq5hGPqMkg54Vn2c6FhqfjfFzA%3D&xkcb=SoB667M3sFdCHrTCUx0HbzkdCdPP
Digital Marketer (Junior),Aegasis Labs,Pakistan,"Rs 20,000 - Rs 40,000 a month",Easily apply,Full-time,https://pk.indeed.com/rc/clk?jk=4ad5e90f41fa3446&from=hp&tk=1j65ajdmq25dv001&bb=umOsTSdYRUe9W5cX2Jsa-zz-fN0vTCbdhKSm-we0ocHpidqoqCGqJ8eRMv3sdhpbvywXdn64KKXstWVLikqFW2t9TQo7-_i1FF-ImDDgv62-K-yGpPfD13nkmWAYGsfa6W-za2XCeY4%3D&xkcb=SoDA67M3sFdCHrTCUx0bbzkdCdPP
Customer Success Manager (CSM) - Remote,Hire with Reef,Pakistan,Full-time,Easily apply,,https://pk.indeed.com/rc/clk?jk=5522366face0058a&from=hp&tk=1j65ajdmq25dv001&bb=umOsTSdYRUe8uYQnnTHI7Fe8a9CIKuUFLSDelqFfDDda79Z9A1RMPZGl4PoG7_E-YsqjjmIZOcori0OCh6SE2p03_Hixda3YWDj_s5FgBw0_XfBp5L0Kvk1xStl3nh250zbZRLs_22Q%3D&xkcb=SoDT67M3sFdCHrTCUx0fbzkdCdPP
Accountant,Al-Aziz Markeing Network,Lahore,"Rs 50,000 - Rs 70,000 a month",Easily apply,,https://pk.indeed.com/rc/clk?jk=be3430620bca8305&from=hp&tk=1j65ajfekhbvm801&bb=5ouHVl2Y7UxQ60S_n_UCGyovEVucPDFGIYnrndjsZn0hPR_Bd72UiPQ82PpjhPBC_MYtTYLZOZFdXxrG_6vf8C1wI6QFPbFTQzmtjkA8dWtgmRT-TaZl3gzhVouAcVCSApOCAOQSi18%3D&xkcb=SoDg67M3sFdCI6AYIz0BbzkdCdPP
Trainee Admin Officer,IBRAHIM FIBRES LIMITED,Faisalabad,,Easily apply,,https://pk.indeed.com/rc/clk?jk=98d2a9726fdc30d6&from=hp&tk=1j65ajfekhbvm801&bb=5ouHVl2Y7Uybfivg9DiPCjaMcmO07cC1tMLDDL1eQvfup0EZfKLsB89J8pVfOhmGwbLb9A_uoz8B4atJsEsT5XWR3ck3jofdAudFy9_DxdPMrrCx-mUVdE1mi6JU62F24O30au1aM7k%3D&xkcb=SoB267M3sFdCI6gYIz0IbzkdCdPP
Accountant - Record Keeping,Grace Marble & Granite,Lahore,,Easily apply,,https://pk.indeed.com/rc/clk?jk=09629fc870e304fe&from=hp&tk=1j65ajfekhbvm801&bb=5ouHVl2Y7Uy47ljkCGIscxq5S-bSQB6XHMW-btqRiL9N9rtE2unNTGkmCUALHPWJvcXTUuUFeqzFEwzxCQrGDXr2sKgZj09BVEGhvX-7q2qhpvRudKkdEox1q_SAqCDMBeIAvJtuI7A%3D&xkcb=SoBl67M3sFdCI6gYIz0MbzkdCdPP
Truck Dispatcher,Atrium Solution Lahore,Lahore Johar Town,"Rs 37,000 - Rs 75,000 a month",Easily apply,Full-time,https://pk.indeed.com/rc/clk?jk=a6146d784d8c4d94&from=hp&tk=1j65ajfekhbvm801&bb=5ouHVl2Y7UzHHQzaD2NraMmlDMIW7jhlX_0Mr2crD-QNFSM_M7KSM9qsjA2QHHXAslqVjdzE0qoWgkHkn4RQa32-4baIYmoM-Nw5-bb3e8uRUaSVQsPcp7GOTGtYwD3YSLPbMzk1jI4%3D&xkcb=SoAR67M3sFdCI6gYIz0AbzkdCdPP
PowerBI Developer,Awesome Technologies Inc.,Karachi Shahra-E-Faisal,,Easily apply,,https://pk.indeed.com/rc/clk?jk=017f9bac4e5429e5&from=hp&tk=1j65ajfekhbvm801&bb=5ouHVl2Y7Uxw_5yvAnf4g3GswHvAkkTDjRvg1SMPYvVCni9oNv4ENyiQ8OwWA_puZe9BpWnTNRU1s8isROJ_r80ArPruPuiG8DipIbS24KRTrwhYVbNKios-c3K4AwTOJywIvbkZRaU%3D&xkcb=SoAC67M3sFdCI6gYIz0EbzkdCdPP
Inventory & Procurement Officer,GharPar Technologies Private Limited,Lahore,"From Rs 50,000 a month",Easily apply,,https://pk.indeed.com/rc/clk?jk=c57aced63f0135bc&from=hp&tk=1j65ajfekhbvm801&bb=5ouHVl2Y7UyLFc_DPPROFrc4h6KDi6CeuGbkjoUVHvkf_PKEUkQ9O11kDeJM-pGdtpARLt9N1i9jxRvql5K1fuuL1ruS1QJW28iTwWXAPPge-K06Keqy5TOWLv6eTElxqaJWTWDl-TQ%3D&xkcb=SoC467M3sFdCI6gYIz0YbzkdCdPP
Finance Officer,Idara-e-Taleem-o-Aagahi,Lahore,,Easily apply,,https://pk.indeed.com/rc/clk?jk=5ae7552e80876838&from=hp&tk=1j65ajfekhbvm801&bb=5ouHVl2Y7UzW_BTyIOsItHTrUUajibd2LE2W3Qx5q2zUs6z5NQdu8o1euoDqXfJ42a5QvNm95Xhfes0lQCV6pZWNDxI9HZBiTQQbuGoiGKecAOxeZPciY3DEqD9MaVHCgJiOpSJeWpE%3D&xkcb=SoCr67M3sFdCI6gYIz0cbzkdCdPP
Associate Data Engineer,Squarera,Karachi,,Easily apply,,https://pk.indeed.com/rc/clk?jk=8a5af222007f63dc&from=hp&tk=1j65ajfekhbvm801&bb=5ouHVl2Y7UxZdkperfDASnpPViwvkuJouuSs5B3UxxOvQuCMo9Jn1Ngm_TF6g7Isz6MIkNkTCLEGdr9m2YzVUrI1vvgwJkhczDBwWNdnT0sEcGQ-yJzeBSsnohb1wkub3Ln6LHzM3Rg%3D&xkcb=SoDf67M3sFdCI6gYIz0QbzkdCdPP
Business Development Intern,BroshTech,Faisalabad,"Up to Rs 15,000 a month",Easily apply,Internship,https://pk.indeed.com/rc/clk?jk=11de637bd90d357b&from=hp&tk=1j65ajfekhbvm801&bb=5ouHVl2Y7Ux8M3XAr68qHO8alYfFEGIT_LqGuZhgQeXCvfNXyA3q6AJZ2cfIDWwGmY7qFK6TpcjiC9teIXssU9IugQKQ8wHAE-q29Z4gPtGCuBDyX52EBVp5pSk7EQPwiw0wIqWbVh4%3D&xkcb=SoDM67M3sFdCI6gYIz0UbzkdCdPP
"Assistant Manager, Account Management",foodpanda,Lahore,Full-time,Easily apply,,https://pk.indeed.com/rc/clk?jk=9c110cd5e3146232&from=hp&tk=1j65ajfekhbvm801&bb=5ouHVl2Y7UwrF1DDOx-A8pGqq9T9fOs9uOGmuL9cffpx93ynHA9eAw_QnoTrS970gNgc-T2a21K5-dThwy8xxyHu9WK2Qftj1oC3wN2GRf9lv09WDcrI7aUxvxudX8IWlbfkvspV-SM%3D&xkcb=SoCt67M3sFdCIlAYIz0LbzkdCdPP
Admin Officer,M I enterprises,Faisalabad,"Rs 40,000 - Rs 45,000 a month",Easily apply,,https://pk.indeed.com/rc/clk?jk=5584fb645b4b2803&from=hp&tk=1j65ajgsch863801&bb=hswCMa5C-kAebVm8bzzigrVYggJ37l4cPmylteMrxdftSXAOUhtf6DRfJ7xJKL6WcVMyAa67ZRxlcjQHjoIqx8y3Nk0SR-lXRn0Wju2kdiL7S0yZWKiYhkEi6py6XkMGMTsOCkI5BxI%3D&xkcb=SoDN67M3sFdB8Zz4yJ0bbzkdCdPP
Staff Accountant,Contour Software,Lahore,,,,https://pk.indeed.com/rc/clk?jk=ff0b4ecb808311b9&from=hp&tk=1j65ajgsch863801&bb=hswCMa5C-kDxReaFvZv66f0xobt_19cUyokbQqOADrbqfkI1nDXhJn0WKA3plMAorvGkGM5Yop58MoequN9m-x5e6PkH4tXH7S67pckBGpLzQcTWe_X49aZQhNZx5HC2kH_A3LUx6-4%3D&xkcb=SoCN67M3sFdB8YT4yJ0LbzkdCdPP
Documentation Handler & Case Worker,Chisty Law Chambers,Faisalabad,"Rs 40,000 - Rs 60,000 a month",Easily apply,,https://pk.indeed.com/rc/clk?jk=557e730aac78efc9&from=hp&tk=1j65ajgsch863801&bb=hswCMa5C-kDWvVrXfKWwNW2WlKl85LnEU1cByhypKBvyubd4k85y_M0vAvS8Ac3M_pSAsA0PBPhZDUGaDRd0HFc2067LFqrS-ZTcgQX3WjkRYMF-oaYaH3WQ2kaH62w5pPMfqaGFWcQ%3D&xkcb=SoCe67M3sFdB8YT4yJ0PbzkdCdPP
Audit officer,Corporate Canteen,Faisalabad,Full-time,Easily apply,,https://pk.indeed.com/rc/clk?jk=e2ef34bbf81df2eb&from=hp&tk=1j65ajgsch863801&bb=hswCMa5C-kCVtdHo7okmH3jpiP1YEMR0VqSi1aj9PGIlrm1dlp5lFAO2F-6VlyqnKbamtOGprgecQstFvKfXh1QH9ZXbeuTnkcQttMXhPO9-7oqi5qTmFEKaNP4u7QFpLsX66NeqyUM%3D&xkcb=SoDq67M3sFdB8YT4yJ0DbzkdCdPP
HR Manager Remote Job,Sysinn Pvt Ltd,Faisalabad,"Rs 30,000 - Rs 50,000 a month",Easily apply,,https://pk.indeed.com/rc/clk?jk=02563cab98844e70&from=hp&tk=1j65ajgsch863801&bb=hswCMa5C-kCItZFM-dJ_UM55sbqXKaO3WeaBp_EjpJnQMGLb7KjyYUfr4kSF7SVlZ-8yr5SbPN1lBp_hrTMHX6AqF5t2moAfJb114FEyxyrieFcf8ZSZcU2If_9nbYNIs-k0fEBuCI4%3D&xkcb=SoD567M3sFdB8YT4yJ0HbzkdCdPP
Assistant / Junior Accountant (Bookkeeper),PetsOne.pk,Lahore,"Rs 25,000 - Rs 40,000 a month",Easily apply,,https://pk.indeed.com/rc/clk?jk=7b920a13a6bd472f&from=hp&tk=1j65ajgsch863801&bb=hswCMa5C-kAebVm8bzziggpCgtJd8o0AVADXt9HLfNWFE6tTjDexnKw7AwCzKTyP77pezeDyy1IWQBuGTPyBbjaX_IMLDKGAGKeTvbnkR8jkG08cWnu1Vu4B5aLTZMon7idsz7dOwto%3D&xkcb=SoBD67M3sFdB8YT4yJ0bbzkdCdPP
FAB PRODUCTS,FAB PRODUCTS COMPANY,Pakistan,"Rs 300,000 - Rs 400,000 a month",Easily apply,,https://pk.indeed.com/rc/clk?jk=2b22ffb3f99c0030&from=hp&tk=1j65ajgsch863801&bb=hswCMa5C-kA0hqzEPFPRdBiM3IKFzCTsKxj1fUz5fje26VC8ucMtfdl5t9yqz3wR51n96HP_ESjVbfGj6OgNJN4T12VuGmop37H38e-h0TEcQ-bfGezOcV6WlChczHdjSA11uaku638%3D&xkcb=SoBQ67M3sFdB8YT4yJ0fbzkdCdPP
SAP FICO Consultant,TalentMine LLC,Karachi,Full-time,Easily apply,,https://pk.indeed.com/rc/clk?jk=04150f58f26d8b6f&from=hp&tk=1j65ajgsch863801&bb=hswCMa5C-kCZw9lS6E5VyuRXklgY_R_WkLshtqAtjGZh_alYCQ_nFod7PhkMov_XKM6aiTbYwrrWcZciOinNHtxsewlRWsMs44htReneI9fo4fnmR8F6UxehJuB3QPmyU55ElQ68X_k%3D&xkcb=SoAk67M3sFdB8YT4yJ0TbzkdCdPP
Senior Accounts Officer,Tariq Gardens Housing Scheme,Lahore,"Rs 60,000 - Rs 70,000 a month",Easily apply,Full-time,https://pk.indeed.com/rc/clk?jk=15da222eb92702f4&from=hp&tk=1j65ajgsch863801&bb=hswCMa5C-kCZxk2W_Q_MlGhJQoz55IQSpPuNsqZuFFfFUGlBczTP866CJG5d58fmvY1kk1FwHJzAYY2UELvKHNiAyFaou-WfsJ-NxXJafxgoZk905A70W-ByXspccZ66hmqJO0cjRRw%3D&xkcb=SoBV67M3sFdB8Yz4yJ0IbzkdCdPP
Content Writer,Meethi Zindagi,Rawalpindi Westridge,"Rs 40,000 - Rs 45,000 a month",Easily apply,Full-time,https://pk.indeed.com/rc/clk?jk=0e6b5ac7d6c2686e&from=hp&tk=1j65ajgsch863801&bb=hswCMa5C-kDTfkrZnnBPJDERnKBFD6lZZK5i15GFu9W9Zxn_AeypzjOPsZXlPq5R_Oih11kBNuDEHm1uE7xe9HR6svOmJuoq5A1mB3NTpL7QxoIqq5C26xCypmIV9a76JD60aB-6g6A%3D&xkcb=SoBG67M3sFdB8Yz4yJ0MbzkdCdPP
Executive Deployment,HRPSP - Your Strategic HR Partner,Faisalabad,"Rs 55,000 - Rs 80,000 a month",Easily apply,Full-time,https://pk.indeed.com/rc/clk?jk=e76555b7c75d2973&from=hp&tk=1j65ajipeh863803&bb=1ldeCxT-zrvk7J08x8aGnrJOLIydrCnohgWgWrrxrCAe3uDCIHI4qvRoVPsBOMVzS8QTx3LAkz3vSh6LLdixDE1yZkywN4bYWa7Tssxmonvz_FXomf5jK0-x-G7itIvP4I-gQdKaSjA%3D&xkcb=SoA_67M3sFdBvQTCGB0BbzkdCdPP
PROJECT ACCOUNTANT,IterraNetic Pvt. Limited,Islamabad,,Easily apply,,https://pk.indeed.com/rc/clk?jk=c6a54361718d51fb&from=hp&tk=1j65ajipeh863803&bb=1ldeCxT-zrs_53oxadnp1PAFtufwUS6nz41nsvSEgj2OSfVBf9ZrBVki-FJEpW-z0vgXEppX-UTME6zj5QXGz1NyhPSVciX2adoDFPnoZeMeWMGpXDmbw4IhVijzt6EifOsjT9TCtRY%3D&xkcb=SoAs67M3sFdBvQTCGB0FbzkdCdPP
Bussiness English,ACE Education,Pakistan,Part-time,Easily apply,,https://pk.indeed.com/rc/clk?jk=f57ff14ffe7b7041&from=hp&tk=1j65ajipeh863803&bb=1ldeCxT-zrui2lbIspWKUsQAi9NMj_bFu58VqhqYsqTrRBLOHGXsFBfeiMQJiuYp6qtbz0OTyFa4HkimfY7tCFCpL2ysy4A5He7cjWohWlY0hmalCypk8DKWRS5WET4u_iooRb99o10%3D&xkcb=SoCW67M3sFdBvQTCGB0ZbzkdCdPP
Management Trainee,International Industries,Faisalabad,"From Rs 45,000 a month",Easily apply,Full-time,https://pk.indeed.com/rc/clk?jk=b66e586ce24fe608&from=hp&tk=1j65ajipeh863803&bb=1ldeCxT-zrt3u0zr6n88LH7S6OC1f2XUlIlpWAbwvEinMtsoskYmPN-C6jeIiCNBjKY-CfJ1dNN_WosQlXd8d_KMqMp04BCGcndoS4vaYK8tR4joQ8V8UVyNH7lwq-pcH0j_ogoRm8Y%3D&xkcb=SoA067M3sFdBvQzCGB0LbzkdCdPP
Order Booker (FMCG) - Faisalabad,IQ Food Industries,Faisalabad,"Rs 50,000 - Rs 80,000 a month",Easily apply,,https://pk.indeed.com/rc/clk?jk=af6b61192b7bfdca&from=hp&tk=1j65ajipeh863803&bb=1ldeCxT-zrs2dqXc2ahN-kYVX5TcBF8D3zfhnf7VxEyWjFBl3T28OCJ3IwPY_jrJtALJq3rEvIJpO-Ztd8PvvGEhAOSQcc4ZvrLRcnecNDOgaDtW3Hyzv43-LsXECChYSTnBXB9YUEE%3D&xkcb=SoAn67M3sFdBvQzCGB0PbzkdCdPP
Account Assistant,Verity Partners,Faisalabad Peoples Colony No.2,,Easily apply,,https://pk.indeed.com/rc/clk?jk=be80a3e83d46a524&from=hp&tk=1j65ajipeh863803&bb=1ldeCxT-zru1_gxKlupg5HJu5r0noXcvdfg6O4zzK_40QRv7sP07TBxgFhrQGE_eefODSH0-dZzDE02sr6xc13iel2PyffKVqfgHpAkXJ5X-nEtxQksVaeA77iB3noLpVIacInAZOic%3D&xkcb=SoBT67M3sFdBvQzCGB0DbzkdCdPP
Email Marketer,ZDIGITIZING,Faisalabad,"Rs 40,000 - Rs 70,000 a month",,Full-time,https://pk.indeed.com/rc/clk?jk=4e0d2f920ce3bc8b&from=hp&tk=1j65ajipeh863803&bb=1ldeCxT-zru8DJ8NVLQAztqsLKcgPr9dhwzoXNJyRAPwr09kR40SmmcTVmlV2fw-qjt7URCHyfv0Cf1a-cVO9VFTA__ELVi6ynxInN_nR0oDr7f-mp84-c90qGQBhu3J5HqBbf7PmEE%3D&xkcb=SoBA67M3sFdBvQzCGB0HbzkdCdPP
Accountant,Latest Bedding,Faisalabad,"Rs 45,000 - Rs 55,000 a month",Easily apply,Full-time,https://pk.indeed.com/pagead/clk?mo=r&ad=-6NYlbfkN0Br7LtEJ0DFlkoiDlUMZAOpIyS8LeaymB875v0QIbCYGaXzW1ng5Au_uvvRwz_pCPyr9bNhJ_wWbfFcq8p_-b3u8rtnMzlKLvySdeRbfSPq6APiciHZSqCzYQMYsbruVqlZeAxsnJuouy2HGdxhMx77DVpVO7mVMAYzDGB9m-i5PWYuqm3kgr-vT-90T-az3bGMkQNFIYDBc0gzmSt4LX58c_xFfCw3oOm7zJpTB8xoSEFT6m55WDcmjVRoYF3-u4Ed-vLMT3N8An6uCmj9_eDOezSYmp3MBqITttW6urQ5UU-PsBSRnqdP2rnNnHE9mWTymOizVrhbp5unYaqSCNcRcGlEo6mEYozvXUXG4ZSI2wUT_AYTTxxXmJGVGV183IVLADfID6TPbQaCIN5hEbtLc1uHMYfPuJJKllZ3udM7n3Vd08mPWSGNV29d74bWMyQNTSfpgnjCelw3M-WWAxlqElHo5k0Z17EfdQA5OFhElL4fsA_mTjBDHFOyAGdq96UY0zbfLOTEnFWcrNcJrIGt_VCntEQmUusskhac8yPuol_9MBn1DkD3hZGDrkwxszJDbky5ZndKorNHpflr7KKtRlpwiHhNtsDbn1BHiMbXFz1qa-eJ7eCAfsHgeIecVo9V5R09mxbm9kfCvBH7ZrnAZLTFJ-cuqP0oML_AQBTfLPxDkxC-3HAgM6YDEgbO_1SqOKDgobABre4rLlea5Bd1&xkcb=SoAO6_M3sFdBvQzCGB0bbzkdCdPP&camk=UoKtGZLa3XLiVLwWyZ2dKw%3D%3D&from=hp&tk=1j65ajipeh863803&jsa=7468&vjs=3
Accounting and Bookkeeping,SA CONSULTANTS LLC,Lahore,Full-time,Easily apply,,https://pk.indeed.com/rc/clk?jk=9e841d7fb7bbd95b&from=hp&tk=1j65ajipeh863803&bb=1ldeCxT-zrt5OzeCpHDu-PQaRFD1xFR1fSjqCpsl3C5yfr6aqF7CHL2sUPkY5mJ_aGSkhDHZ3p8NePIIBC_hLe718woSNw7IFhYSXzTgrlDDBHBAgH3zX8USumKBL4esztRBSAuNpxw%3D&xkcb=SoDp67M3sFdBvQzCGB0fbzkdCdPP
Immigration Adviser,Chisty Law Chambers,Faisalabad,"Rs 50,000 - Rs 80,000 a month",Easily apply,Full-time,https://pk.indeed.com/rc/clk?jk=294cb7b622c460ce&from=hp&tk=1j65ajipeh863803&bb=1ldeCxT-zrvSfHIYQotnu4WlGtTCNG9udBc4phz0zDFD1nYvWVQjUfWJbyLEb5GbPg3L_xCcmfM0Bm2rwu7BJ6ivxdH3lAVAv3_80VKRZ7JaqtSq9pgP9GYb6FJCBZTqBSOnv7x73bM%3D&xkcb=SoCd67M3sFdBvQzCGB0TbzkdCdPP
